{"cameraMode":{"drawMode":0,"name":"Shaded","section":"Shading Mode"},"sceneLighting":true,"audioPlay":false,"sceneViewState":{"showFog":true,"showMaterialUpdate":false,"showSkybox":true,"showFlares":true,"showImageEffects":true,"showParticleSystems":true},"in2DMode":false,"pivot":{"x":0.004622494801878929,"y":1.4631637334823609,"z":0.1029319167137146},"rotation":{"x":0.0023868074640631677,"y":0.996398389339447,"z":-0.07938084006309509,"w":0.029899826273322107},"size":0.20815452933311463,"orthographic":true}